slug,pendidikan,bidang_ilmu,bidang_riset,lainnya,homepage,tautan
agus-arif,"Ir. (Universitas Gadjah Mada), M.T. (Institut Teknologi Bandung)",Rekayasa Fisika (Sistem Manajemen Baterai),"Komputasi, Instrumentasi & Kontrol, Elektronika.",,,
agus-budhie-wijatna,"Prof., Dr., Ir., M.Si. (Universitas Gadjah Mada), IPM. (Persatuan Insinyur Indonesia)",Rekayasa Nuklir (Teknologi Aplikasi Isotop Alam non Radioaktif),Aplikasi Hidroisotop untuk Konservasi Lingkungan.,"Anggota: World Institute for Nuclear Security (WINS). | Paten: Metode Memverifikasi Pendekatan Topografi, Geologi dan Hidrogeologi dengan Metode Perunut Hidroisotop dalam Menentukan Daerah Resapan Airtanah (IDP000086775)",,
ahmad-agus-setiawan,"S.T. (Universitas Gadjah Mada), M.Sc. (Kungl Tekniska Högskolan, Sweden), Ph.D (Curtin University of Technology, Australia).",Rekayasa Fisika (Perencanaan Sistem Energi Terbarukan),"Renewable Energy Applications for Sustainable Development, Distributed Power Generation, Microgrids, Power Electronics for Renewable Energy Systems",Award: peraih Habibie Award 2014 bidang Ilmu Rekayasa.,http://acadstaff.ugm.ac.id/aasetiawan,homepage pribadi::http://acadstaff.ugm.ac.id/aasetiawan
alexander-agung,"S.T. (Universitas Gadjah Mada), M.Sc. (Kungl Tekniska Högskolan, Sweden), Dr. (Technische Universiteit Delft, Netherlands), PostDoc (Chalmers University of Technology, Sweden), IPU (Persatuan Insinyur Indonesia)",Rekayasa Nuklir (Komputasi Multifisika dan Optimasi Sistem Nuklir),"Pengembangan dan evaluasi multifisika PLTN Terapung, pengembangan metode optimasi metaheuristik pada reaktor nuklir, dan pengembangan machine learning untuk surveillance dan prediksi transien reaktor nuklir.","Anggota: American Nuclear Society (ANS), World Institute for Nuclear Security (WINS).",https://acadstaff.ugm.ac.id/alexanderagung,homepage acadstaff::https://acadstaff.ugm.ac.id/alexanderagung ;; homepage pribadi::http://ugm.id/alexanderagung ;; ResearchGate::https://www.researchgate.net/profile/Alexander_Agung
andang-widi-harto,"Prof., Ir., M.T., Dr. (Universitas Gadjah Mada), IPU (Persatuan Insinyur Indonesia), ASEAN Eng. (ASEAN Federation of Engineering Organisations)",Rekayasa Nuklir (Reaktor Maju Pembangkit Daya),"Transfer Panas, Masa, & Momentum, Komputasi, Fisika Neutron.",Paten : Purifikator Biogas dengan Arang Berbasis Limbah Peternakan dan Pertanian (IDS000004292),,
andhika-yudha-prawira,,,,,,
anung-muharini,"Ir. (Universitas Gadjah Mada), M.T. (Institut Teknologi Bandung), IPM. (Persatuan Insinyur Indonesia)",Rekayasa Nuklir (Teknologi Penerapan Radioisotop dan Radioaktivitas Lingkungan),"Proteksi Radiasi, Deteksi & Pengukuran Radiasi, Spektroskopi Nuklir & Radioaktivitas Lingkungan, Radiokimia.",,,
ari-bimo-prakoso,"S.T. (Universitas Gadjah Mada), Ph.D. (Nanyang Technological University), IPM. (Persatuan Insinyur Indonesia)",Rekayasa Fisika (Sistem Energi Surya Hibrida),"Teknologi Fotovoltaik, Optoelektronik, Fotoelektrokimia, Pemodelan Sistem Energi.",,,
awang-n-i-wardana,"S.T (Universitas Gadjah Mada), M.T. (Institut Teknologi Bandung), M.Sc. (Fachhochschule Karlsruhe, Germany), Dr.-Ing. (Universität Kassel, Germany), IPM. (Persatuan Insinyur Indonesia)",Rekayasa Fisika (Otomasi Proses),Safety-related Application and Integrated Engineering in Automation Systems,Anggota: International Association for Automation and Robotics in Construction | e-mail: awang.wardana@ugm.ac.id | homepage pribadi,,
dwi-joko-suroso,"Ir., S.T (Universitas Gadjah Mada), M.Eng., Dr. Eng (King Mongkut’s Institute of Technology Ladkrabang, Thailand), IPP. (Persatuan Insinyur Indonesia)",Rekayasa Fisika (Teknologi Sensor dan Robotika),"Wireless sensor networks, MIMO Channel Modelling, Antenna Array MIMO, Wireless-based Environmental Meter Development, Target-localization Algorithm, Building Simulation",e-mail: dwi.jokosuroso@ugm.ac.id | homepage pribadi,,
ester-wijayanti,"Ir., M.T. (Universitas Gadjah Mada)",Rekayasa Nuklir (Teknologi Proses Bahan Bakar Nuklir),"Teknologi Bahan Bakar Nuklir, Proteksi Radiasi Nuklir, Analisis Radiokimia, Statistika Teknik.",,,
fadli-kasim,"S.T. (Universitas Gadjah Mada), M.Sc. (University of Magdeburg, Germany), Kandidat doktor (Universitas Gadjah Mada)",Rekayasa Fisika (Konservasi Energi Bio Terbarukan),Safety & Quality,,,
faridah,"Prof., Ir. (Universitas Gadjah Mada), S.T. (Institut Teknologi Sepuluh Nopember), M.Sc. (Nanyang Technological University, Singapore), Dr. (Universitas Gadjah Mada), IPU. (Persatuan Insinyur Indonesia), ASEAN Eng. (ASEAN Federation of Engineering Organisations)",Rekayasa Fisika (Instrumentasi untuk Lingkungan Terbangun Berkelanjutan),"Instrumentasi Sensor, Otomasi Bangunan",,,
ferdiansjah,"S.T. (Universitas Gadjah Mada), M.Eng.Sc. (The University of New South Wales, Australia)",Rekayasa Fisika (Teknologi Perangkat Semikonduktor),"Fabrikasi Piranti Optoelektronik, Fisika Semikonduktor",,,
fitrotun-aliyah,"S.T., M.Eng. (Universitas Gadjah Mada), Ph.D. (Universiti Sains Malaysia)",Rekayasa Nuklir (Teknologi Proteksi Radiasi Fisika Medis),"Nuclear Technology, Radiation Dosimetry, Radiation Protection, Radiation Shielding Design, Concrete Shielding Using Eco-friendly Materials, Medical Physics",Anggota : World Institute for Nuclear Security (WINS),http://fitrotunaliyah.blogspot.com/,homepage pribadi::http://fitrotunaliyah.blogspot.com/
gandha-satria-adi,"S.T., M.Eng. (Universitas Gadjah Mada)",Rekayasa Fisika (Teknologi Pengembangan Sensor),Getaran mekanik.,,,
gea-oswah-fatah-parikesit,"S.T. (Institut Teknologi Bandung), M.Sc., Dr. (Technische Universiteit Delft, Netherlands)",Rekayasa Fisika (Fisika Konservasi Material Budaya),"Irisan antara fisika, rekayasa, seni dan pendidikan.",,,
haryono-budi-santosa,"Ir., M.Sc., Dr., (Universitas Gadjah Mada)",Rekayasa Nuklir (Rekayasa Keselamatan dan Keamanan Sistem Sosio-Teknikal Berbahaya),"Teknik Keselamatan, Teknik Kehandalan, Teknik Lingkungan, Keamanan Nuklir.",,,
kusnanto,"Ir. (Universitas Gadjah Mada), Dr-Ing. (RWTH Aachen, Germany)",Rekayasa Nuklir (Teknologi Proses Material Nuklir),"Rekayasa Material Sistem Energi, Manajemen Limbah Industri.",Direktur Produksi BUMN PT. Inuki (Persero) periode 2011-2016 | Paten : Metode Pemadatan Limbah Beracun dan Berbahaya dengan Semen dan Serat Alami (P0030650),,
kutut-suryopratomo,"Ir., M.T. (Universitas Gadjah Mada), M.Sc. (University of Magdeburg, Germany)",Rekayasa Fisika (Sistem Energi Bayu Hibrida),"Simulasi Komputer, Konversi Energi.",Anggota : World Institute for Nuclear Security (WINS),,
lucyana-dwi-larasati,"S.T. (Institut Teknologi Bandung), M.S. (Yeungnam University, Korea Selatan)",Rekayasa Fisika (Rekayasa Nanomaterial),"Metal Processing, Physics and Chemistry of Metal.",,,
m-arif-efendi,"S.Si. (Institut Pertanian Bogor), M.Sc. (Prince of Songkla University, Thailand), Ph.D. (Universiti Sains Malaysia)",Rekayasa Nuklir (Teknologi Radioterapi),"Fisika Medis, Radioterapi, Simulasi Monte Carlo, Mikrodosimetri",Anggota: Aliansi Fisikawan Medik Indonesia (AFISMI),,
m-kholid-ridwan,"S.T. (Universitas Gadjah Mada), M.Sc. (Kungl Tekniska Högskolan, Sweden), Dr. (Tokyo Institute of Technology, Japan), IPU. (Persatuan Insinyur Indonesia), ASEAN Eng. (ASEAN Federation of Engineering Organisations)",Rekayasa Fisika (Fisika Bangunan dan Energi),"Building Physics, Energy in Urban Environment.",,http://acadstaff.ugm.ac.id/kholid,homepage pribadi::http://acadstaff.ugm.ac.id/kholid
nazrul-effendy,"Prof., Ir. (Universitas Gadjah Mada), S.T., M.Eng. (Universitas Gadjah Mada), PhD. (Sandwich PhD program between Chulalongkorn University and Tokyo Institute of Technology), IPM. (Persatuan Insinyur Indonesia), ASEAN Eng. (ASEAN Federation of Engineering Organisations)",Rekayasa Fisika (Sistem Cerdas dan Tertanam),"instruments and control systems, artificial intelligence, signal processing.","Anggota : Indonesian Association of Pattern recognition, Indonesian Society for Soft Computing, Indonesian Artificial Intelligence Society, Continental Automated Buildings Association (CABA), International building performance simulation association (IBPSA), International Association for Pattern Recognition (IAPR), International Association of Engineers (IAENG), Persatuan Insinyur Indonesia (PII)",http://nazrul.staff.ugm.ac.id/,homepage pribadi::http://nazrul.staff.ugm.ac.id/
nopriadi,"S.T. (Universitas Gadjah Mada), M.Sc. (Nanyang Technological University, Singapore), Ph.D. (Tokyo Institute of Technology, Japan), IPM. (Persatuan Insinyur Indonesia)",Rekayasa Fisika (Mesin Cerdas dan Instrumentasi untuk Kesehatan),"Teknik Biomedis, Instrumentasi, Teknologi Sensor.",,http://nopriadi.multiply.com/,homepage pribadi::http://nopriadi.multiply.com/
nunung-prabaningrum,"Ir. (Universitas Gadjah Mada), M.T. (Institut Teknologi Bandung), Ph.D. (Universiti Teknologi Petronas, Malaysia), IPU. (Persatuan Insinyur Indonesia)",Rekayasa Fisika (Teknologi Proses Energi Bio Terbarukan),"Radiokimia, Kimia Radiasi, Pengelolaan Limbah Radioaktif (Proses), Kimia Fisis, Energi terbarukan biomassa",Paten: Metode Pemadatan Limbah Beracun dan Berbahaya dengan Semen dan Serat Alami (P0030650),,
nur-abdillah-siddiq,"Ir. (Universitas Gadjah Mada), S.T., Dr. (Institut Teknologi Sepuluh Nopember), IPP. (Persatuan Insinyur Indonesia)",Rekayasa Fisika (Material Optik),"Fotonika, Sensor, Smart Windows.","Anggota : Himpunan Optika Indonesia | Paten: Sistem Sterilisasi Ruangan Menggunakan Radiasi Sinar Ultraviolet (IDS000006382), Ruang Pengukur Gas Rumah Kaca pada Ternak Ruminansia berbasis Internet of Things (IDS000007399), Mesin Pultrusion Terintegrasi Elemen Pemanas untuk Memproduksi Filamen 3D Printing dari Botol Bekas (IDS000011227).",https://acadstaff.ugm.ac.id/siddiq,homepage acadstaff::https://acadstaff.ugm.ac.id/siddiq ;; homepage pribadi::https://nuras.staff.ugm.ac.id/ ;; ResearchGate::https://www.researchgate.net/profile/Nur-Siddiq-2
rachmawan-budiarto,"S.T., M.T., Dr. (Universitas Gadjah Mada), IPU. (Persatuan Insinyur Indonesia)",Rekayasa Fisika (Sistem Energi Berkelanjutan),"Komputasi Dinamika Fluida, Kebijakan Energi, Diversifikasi Energi, Sistem Energi Terbarukan.","Anggota : Asosiasi Technopreneurship Indonesia | Paten : Purifikator Biogas dengan Arang Berbasis Limbah Peternakan dan Pertanian (IDS000004292), Peralatan Pengukur Permukaan Jalan Terhadap Aspek Guncangan Pada Kendaraan Dengan Memanfaatkan Teknologi Komputer (P00201200965)",,ResearchGate |::https://www.researchgate.net/profile/Rachmawan-Budiarto ;; linkedin::https://www.linkedin.com/in/rachmawan-budiarto-dr-g-p-a1724018/
sentagi-sesotya-utami,"S.T. (Universitas Gadjah Mada), M.Sc. (Brigham Young University, USA), Ph.D. (University of Michigan, USA), IPU. (Persatuan Insinyur Indonesia)",Rekayasa Fisika (Fisika Bangunan dan Akustik),"Akustika, Fisika Bangunan.",,,
sihana,"Ir. (Universitas Gadjah Mada), Dr-Ing. (TU Berlin, Germany), IPU. (Persatuan Insinyur Indonesia)","Rekayasa Nuklir (Rekayasa Keselamatan, Keamanan dan Ketahanan Proliferasi Deterministik)","Termohidrolika, Keamanan Nuklir","Anggota : International Association for Continuing Engineering Education, World Institute for Nuclear Security (WINS)",http://sihana.staff.ugm.ac.id/,homepage pribadi::http://sihana.staff.ugm.ac.id/
sita-gandes-pinasti,"S.T. (Universitas Gadjah Mada), M.Sc. (Ruprecht Karls Universität Heidelberg, Germany)",Rekayasa Nuklir (Teknologi Dosimetri Fisika Medis),"Quantitative Nuclear Medicine Imaging, Internal radiation dosimetry, Radiation detector development, Computational Patient Models","Anggota: European Federation of Organisations for Medical Physics (EFOMP), Aliansi Fisikawan Medik Indonesia (AFISMI)",,
sunarno,"Prof., Ir. (Universitas Gadjah Mada), M.Eng., Ph.D. (Osaka University, Japan), IPU. (Persatuan Insinyur Indonesia)",Rekayasa Fisika (Instrumentasi untuk Lingkungan Berbahaya),"Instrumentasi, Efek Radiasi Nuklir pada Komponen Elektronika.",Paten : Filter Frekuensi Radio Kinerja Ultra Tinggi (P44675),,
susetyo-hario-putero,"Ir. (Universitas Gadjah Mada), M.Eng. (Kyoto University, Japan), IPU. (Persatuan Insinyur Indonesia)",Rekayasa Nuklir (Teknologi Proses Pengolahan Limbah Radioaktif),"Pengelolaan Limbah Radioaktif, Keamanan Nuklir.","Anggota : Institute of Nuclear Materials Management, International Association for Continuing Engineering Education, World Institute for Nuclear Security (WINS), Asosiasi Technopreneurship Indonesia | Paten : Metode Pemadatan Limbah Beracun dan Berbahaya dengan Semen dan Serat Alami (P0030650)",http://susetyohario.wordpress.com/,homepage pribadi::http://susetyohario.wordpress.com/
thomas-oka-pratama,"S.T., M.Eng., Dr. (Universitas Gadjah Mada)",Rekayasa Fisika (Instrumentasi untuk Lingkungan Berbahaya),"Instrumentasi, telemonitoring, bencana dan mitigasi.",,,
widya-rosita,"S.T., M,T., Dr. (Universitas Gadjah Mada), IPU. (Persatuan Insinyur Indonesia)",Rekayasa Nuklir (Teknologi Proses Mineral Nuklir),"Perancangan Alat Proses, Rekayasa Pengelolaan Lingkungan, Aplikasi Isotop & Radiasi.",Paten : Metode Pemadatan Limbah Beracun dan Berbahaya dengan Semen dan Serat Alami (P0030650),,
yakub-fahim-luckyarno,"S.T. (Universitas Gadjah Mada), M.Eng. (King Mongkut’s Institute of Technology Ladkrabang, Thailand), Ph.D. (Seoul National University of Science and Technology, Korea Selatan)",Rekayasa Fisika (Sistem Nirkabel),"instrumentasi, soft computing, immersive system",,,
yanuar-ady-setiawan,"S.T. (Universitas Gadjah Mada), M.S. (Texas A&M University, USA), Ph.D. (Ulsan National Institute of Science and Technology, Korea Selatan)",Rekayasa Nuklir (Reaktor Maju Produksi Isotop dan Radiasi ),"Keamanan, Seifgard, dan Nonproliferasi Nuklir",Anggota: Institute of Nuclear Materials Management (INMM),https://ruangbusuk.wordpress.com/,homepage pribadi::https://ruangbusuk.wordpress.com/
yudi-utomo-imardjoko,"Ir. (Universitas Gadjah Mada), M.Sc., Ph.D. (Iowa State University, USA)",Rekayasa Nuklir (Manajemen Pengelolaan Limbah Radioaktif),"Aplikasi Kecerdasan Buatan untuk Teknologi Nuklir, Ekonomi Teknik, Pengelolaan Limbah Radioaktif, Manajemen Energi, Kebijakan Energi.",Direktur Utama BUMN PT. Inuki (Persero) periode 2011-2016,,
